category,english,nepalbhasa_devanagari,nepalbhasa_transliteration
greeting,hello,जुजु,Juju
greeting,goodbye,च्वसा,Chwasa
greeting,thank you,सुभाय्,Subhay
greeting,yes,ज्या,Jya
greeting,no,मखु,Makhu
greeting,please,क्वथायेमा,Kwothayema
greeting,sorry,माफ याना,Mapha yana
greeting,welcome,ल्वह्याना,Lwhyana
greeting,how are you,छि थें दु?,Chhi then du?
greeting,I am fine,जि सुथें दु,Ji suthen du
greeting,good morning,शुभप्रभात,Shubhaprabhat
greeting,good night,शुभरात्री,Shubharatri
number,one,ति,Ti
number,two,नि,Ni
number,three,सो,So
number,four,पि,Pi
number,five,न्या,Nya
number,six,खु,Khu
number,seven,न्हि,Nhi
number,eight,च्या,Chya
number,nine,गु,Gu
number,ten,थ्व,Thwa
number,hundred,तम,Tama
number,thousand,सहस्र,Sahasra
number,zero,सुन्य,Sunya
family,mother,मां,Maa
family,father,अबु,Abu
family,sister,ज्यामरि,Jyamari
family,brother,भाजु,Bhaju
family,son,मचा,Macha
family,daughter,झि,Jhi
family,grandfather,अजः,Ajah
family,grandmother,अजिमा,Ajima
family,husband,सिं,Sing
family,wife,मिसा,Misa
family,child,मचा,Macha
family,family,क्वथि,Kwothi
family,uncle,काजु,Kaju
family,aunt,काजि,Kaji
body,head,सिं,Si
body,eye,मि,Mi
body,ear,न्ह्यासा,Nhyasa
body,nose,न्ह्यु,Nhyu
body,mouth,थ्याथु,Thyathu
body,hand,लः,Lah
body,leg,प्याखं,Pyakha
body,heart,सफु,Saphu
body,stomach,त्वाः,Twah
body,back,चिकं,Chika
body,hair,क्वःछि,Kwahchhi
body,tooth,खिं,Khi
body,tongue,ल्वाःसा,Lwahsa
body,neck,गुलः,Gulah
body,shoulder,काँ,Ka
body,finger,लमरि,Lamari
body,face,न्ह्यः,Nhyah
color,red,ल्ह्याःमा,Lhyahma
color,blue,निलामा,Nilama
color,green,हरियामा,Hariyama
color,yellow,ज्वंमा,Jwama
color,black,न्यामा,Nyama
color,white,स्वेतमा,Swetama
color,orange,सुन्तलामा,Suntalama
color,purple,बैजनीमा,Baijanimaa
color,brown,खैरोमा,Khairma
color,pink,गुलाबीमा,Gulabima
food,rice,बियां,Biyan
food,water,लः,La
food,milk,झि,Jhi
food,bread,बंलः,Bala
food,meat,सा,Sa
food,fish,ङा,Nga
food,egg,किप,Kipa
food,vegetable,साग,Saag
food,fruit,फल,Phala
food,salt,क्वःसा,Kwahsa
food,sugar,चिनि,Chini
food,oil,तेल,Tela
food,tea,चिया,Chiya
food,food,खाजा,Khaja
food,sweet,गुलियो,Guliyo
food,spicy,तिखो,Tikho
food,butter,ग्वः,Gwah
food,yogurt,झी,Jhi
nature,sun,सु,Su
nature,moon,न्ह्याय्पुँ,Nhyaypu
nature,star,सःपुँ,Sahpu
nature,sky,आस्मान,Aasmaan
nature,rain,झ्वः,Jhwah
nature,wind,वायु,Vayu
nature,fire,में,Me
nature,water,लः,La
nature,earth,म्ह्यय्,Mhyay
nature,mountain,हिमाल,Himal
nature,river,खुसि,Khusi
nature,tree,सिं,Si
nature,flower,स्वयाः,Swayah
nature,leaf,लाकु,Laku
nature,stone,लाखा,Lakha
nature,cloud,थिभाय्,Thibhay
nature,snow,हिउँ,Hiu
nature,lake,ग्वःपुखु,Gwahpukhu
nature,forest,जंगल,Jangal
nature,bird,च्वय्,Chwaya
nature,animal,स्वाँ,Swaa
nature,fish,ङा,Nga
time,today,थ्व न्हि,Thwa nhi
time,yesterday,न्हापाया न्हि,Nhapaya nhi
time,tomorrow,ताःया न्हि,Tahya nhi
time,morning,भिंचा,Bhincha
time,afternoon,न्हिथाय्,Nhithay
time,evening,थःन्हु,Thanhu
time,night,स्वान्हु,Swanhu
time,year,दँ,Da
time,month,ला,La
time,week,हप्ता,Hapta
time,day,न्हि,Nhi
time,hour,घन्टा,Ghanta
time,minute,मिनेट,Mineta
time,now,थाय्,Thay
time,always,सतय्,Satay
time,never,मकये,Makaye
verb,eat,चायेगु,Chayegu
verb,drink,ज्यायेगु,Jyayegu
verb,sleep,न्यायेगु,Nyayegu
verb,walk,नेयेगु,Neyegu
verb,run,दाहाँ धायेगु,Daha dhayegu
verb,speak,धायेगु,Dhayegu
verb,listen,न्ह्यायेगु,Nhyayegu
verb,see,स्वयेगु,Swayegu
verb,come,वयेगु,Wayegu
verb,go,वनेगु,Wanegu
verb,give,दयेगु,Dayegu
verb,take,नायेगु,Nayegu
verb,buy,ज्वनेगु,Jwanegu
verb,sell,क्वकायेगु,Kwakayegu
verb,read,ल्हायेगु,Lhayegu
verb,write,ल्यायेगु,Lyayegu
verb,work,मेगु,Megu
verb,play,त्यायेगु,Tyayegu
verb,laugh,त्वःयायेगु,Twahyayegu
verb,cry,क्वाहाँ यायेगु,Kwaha yayegu
verb,love,हाःयायेगु,Hahyayegu
verb,know,थुयेगु,Thuyegu
verb,think,ल्यायेगु,Lyayegu
verb,open,खनेगु,Khanegu
verb,close,छायेगु,Chhayegu
verb,sit,थायेगु,Thayegu
verb,stand,थाकेगु,Thakegu
verb,wait,थायेगु,Thayegu
verb,help,मदतयेगु,Madatayegu
verb,learn,ल्हायेगु,Lhayegu
verb,teach,ल्हायकेगु,Lhayakegu
verb,cook,ब्वयेगु,Bwayegu
verb,wash,क्षालयेगु,Kshalayegu
verb,clean,सुथेयायेगु,Sutheyayegu
verb,build,दयेकेगु,Dayakegu
verb,break,तुलेगु,Tulegu
verb,find,थुइकेगु,Thuikegu
verb,lose,त्वःतेगु,Twategu
verb,win,थियेगु,Thiyegu
verb,remember,दयेकेगु,Dayakegu
verb,forget,मत्वासा,Matwasa
verb,want,लायेगु,Layegu
verb,need,छुं लायेगु,Chhu layegu
adjective,big,थकाली,Thakali
adjective,small,छिकाली,Chhikali
adjective,hot,न्ह्यागु,Nhyagu
adjective,cold,स्यांगु,Syangu
adjective,good,भिंगु,Bhingu
adjective,bad,मभिंगु,Mabhingu
adjective,new,च्वसागु,Chwasagu
adjective,old,थाँगु,Thangu
adjective,fast,ख्यलय्,Khyalay
adjective,slow,न्हापाय्,Nhapay
adjective,beautiful,सुंदर,Sundara
adjective,ugly,असुंदर,Asundara
adjective,strong,बलिष्ठ,Balistha
adjective,weak,निर्बल,Nirbala
adjective,happy,सुखीमनु,Sukhimanu
adjective,sad,दुखीमनु,Dukhimanu
adjective,hungry,क्षुधाय्,Kshudhay
adjective,thirsty,त्वाखनाय्,Twakhanay
adjective,tired,सल्हाःगु,Salhagu
adjective,sick,न्ह्येबोगु,Nhyebogu
adjective,healthy,सुथेगु,Suthegu
adjective,rich,धनी,Dhani
adjective,poor,निर्धन,Nirdhana
adjective,tall,थकाः,Thakah
adjective,short,छिकाः,Chhikah
adjective,heavy,लखाःगु,Lakhagu
adjective,light,लिक्कगु,Likkagu
adjective,clean,सुथेगु,Suthegu
adjective,dirty,मलिन,Malina
adjective,loud,छताःगु,Chhatagu
adjective,quiet,न्हाःगु,Nhagu
adjective,easy,सजिलो,Sajilo
adjective,difficult,कठिन,Kathina
adjective,true,स्वया,Swaya
adjective,false,देखाथें,Dekhathey
place,home,च्वं,Chwa
place,school,विद्यालय,Vidyalaya
place,hospital,चिकित्सालय,Chikitsalaya
place,market,बजार,Bazar
place,temple,देगः,Degah
place,road,लँ,La
place,city,नगर,Nagara
place,village,गाउँ,Gaun
place,country,देश,Desha
place,Nepal,नेपाः,Nepah
place,Kathmandu,येँ,Yen
place,Lalitpur,ललितपुर,Lalitapura
place,Bhaktapur,खोपिं,Khoping
place,shop,पसः,Pasah
place,restaurant,भोजनालय,Bhojanaalya
place,bank,बैंक,Bainka
place,office,कचहरी,Kachahari
place,garden,बगैंचा,Bagaincha
place,park,उद्यान,Udyana
pronoun,I,जि,Ji
pronoun,you,छि,Chhi
pronoun,he,व,Wa
pronoun,she,व,Wa
pronoun,we,जिपिं,Jiping
pronoun,they,वपिं,Waping
pronoun,this,थ्व,Thwa
pronoun,that,थथे,Thathe
pronoun,what,छु,Chhu
pronoun,who,सुं,Su
pronoun,where,खः,Khah
pronoun,when,बले,Bale
pronoun,why,छुकथं,Chhukathan
pronoun,how,छुगु,Chhugu
clothing,shirt,कमिज,Kamija
clothing,pants,सुरुवाल,Suruval
clothing,dress,लुगा,Luga
clothing,shoes,खोय्,Khoy
clothing,hat,टोपी,Topi
clothing,jacket,ज्याकेट,Jaketa
clothing,sari,सारी,Sari
clothing,traditional dress,हाकु पतासी,Haku patasi
object,book,सफु,Saphu
object,pen,कलम,Kalama
object,phone,फोन,Phona
object,money,तःमाः,Tahmah
object,key,साँचो,Sancho
object,door,ग्व,Gwa
object,window,झ्याल,Jhyal
object,table,मेज,Meja
object,chair,काठ,Kath
object,bed,नेग,Nega
object,bag,थाःसा,Thahsa
object,car,गाडी,Gadi
object,bicycle,साइकल,Saikala
object,computer,कम्प्युटर,Kampyutar
object,clock,घडी,Ghadi
object,mirror,ऐना,Aina
object,lamp,बत्ती,Batti
object,knife,छु,Chhu
object,spoon,चम्चा,Chamcha
object,plate,थाः,Thah
object,cup,गिलास,Gilas
profession,teacher,गुरु,Guru
profession,doctor,डाक्टर,Daktar
profession,farmer,किसान,Kisan
profession,soldier,सिपाही,Sipahi
profession,king,राजा,Raja
profession,queen,रानी,Rani
profession,priest,पुजारी,Pujari
profession,merchant,व्यापारी,Vyapari
profession,carpenter,सिकर्मी,Sikarmi
profession,blacksmith,कामी,Kami
profession,potter,कुमाल,Kumal
profession,painter,रङ्कर्मी,Rankarmi
profession,singer,गायक,Gayak
profession,dancer,नर्तक,Nartak
profession,student,छात्र,Chhatra
profession,writer,लेखक,Lekhak
profession,cook,भान्छे,Bhanche
profession,driver,चालक,Chalak
profession,engineer,इन्जिनियर,Injiniyar
profession,lawyer,वकिल,Vakil
profession,nurse,नर्स,Narsa
profession,artist,कलाकार,Kalakar
profession,musician,संगीतकार,Sangitakar
profession,fisherman,माछापालक,Machhapalak
profession,shepherd,गोठाला,Gothala
profession,tailor,दर्जी,Darji
profession,barber,नापित,Napit
profession,weaver,बुनकर,Bunakar
profession,goldsmith,सुनार,Sunar
animal,cow,गाः,Gah
animal,buffalo,मेमः,Memah
animal,goat,च्यालः,Chyalah
animal,dog,खिचा,Khicha
animal,cat,मिमि,Mimi
animal,elephant,हस्ति,Hasti
animal,tiger,बाघ,Bagh
animal,lion,सिंह,Sinha
animal,monkey,बाँदर,Bandar
animal,snake,लुँ,Lu
animal,horse,घोडा,Ghoda
animal,rabbit,खरायो,Khirayo
animal,deer,मृग,Mruga
animal,bear,भालु,Bhalu
animal,crow,काग,Kaga
animal,parrot,सुगा,Suga
animal,peacock,मयूर,Mayur
animal,owl,उल्लु,Ullu
animal,eagle,चिल,Chila
animal,butterfly,पुतली,Putali
animal,bee,मौरी,Mauri
animal,ant,कमिला,Kamila
animal,frog,भ्यागुतो,Bhyaguto
animal,turtle,कछुवा,Kachhuwa
animal,crocodile,गोही,Gohi
animal,pig,बँगुर,Bangur
animal,sheep,भेडा,Bheda
animal,duck,हाँस,Hans
animal,hen,कुखुरा,Kukura
animal,rooster,भाले,Bhale
animal,rat,मुसो,Muso
insect,mosquito,लाम्खुट्टे,Lamkhutte
insect,fly,झिंगा,Jhinga
insect,spider,माकुरो,Makuro
insect,worm,किरा,Kira
insect,cockroach,सालिगाँठे,Saligante
insect,grasshopper,फट्याङ्ग्रो,Phatyangro
insect,dragonfly,डम्सेल,Damsel
insect,beetle,भृङ्गराज,Bhringaraj
vegetable,potato,आलु,Alu
vegetable,tomato,गोलभेडा,Golbheda
vegetable,onion,प्याज,Pyaj
vegetable,garlic,लसुन,Lasun
vegetable,ginger,अदुवा,Aduwa
vegetable,spinach,पालुंगो,Palungo
vegetable,cabbage,बन्दा,Banda
vegetable,cauliflower,काउली,Kauli
vegetable,carrot,गाजर,Gajar
vegetable,radish,मूला,Mula
vegetable,pumpkin,फर्सी,Pharsi
vegetable,bitter gourd,करेला,Karela
vegetable,bean,सिमी,Simi
vegetable,pea,केराउ,Kerau
vegetable,mushroom,च्याउ,Chyau
vegetable,bamboo shoot,तामा,Tama
vegetable,corn,मकै,Makai
vegetable,eggplant,भन्टा,Bhanta
vegetable,cucumber,काँक्रो,Kakro
vegetable,leek,प्याजको पात,Pyajko pat
fruit,mango,आँप,Amp
fruit,banana,केरा,Kera
fruit,apple,स्याउ,Syau
fruit,orange,सुन्तला,Suntala
fruit,pineapple,भुईकटहर,Bhuikathar
fruit,papaya,मेवा,Mewa
fruit,guava,अम्बा,Amba
fruit,lemon,कागती,Kagati
fruit,grape,अंगुर,Angur
fruit,watermelon,तरबुजा,Tarbuja
fruit,strawberry,स्ट्रबेरी,Strawberry
fruit,coconut,नरिवल,Nariwal
fruit,jackfruit,रुखकटहर,Rukhkathar
fruit,litchi,लिची,Lichi
fruit,peach,आरू,Aru
fruit,plum,आलुबखडा,Alubakhda
fruit,pomegranate,अनार,Anar
fruit,fig,अन्जीर,Anjir
fruit,date,खजुर,Khajur
grain,wheat,गहुँ,Gahu
grain,maize,मकै,Makai
grain,millet,कोदो,Kodo
grain,barley,जौ,Jau
grain,lentil,दाल,Dal
grain,chickpea,चना,Chana
grain,soybean,भटमास,Bhatamas
grain,sesame,तिल,Tila
grain,mustard,तोरी,Tori
spice,turmeric,बेसार,Besar
spice,cumin,जीरा,Jira
spice,coriander,धनिया,Dhaniya
spice,chilli,खुर्सानी,Khursani
spice,pepper,मरिच,Marich
spice,cinnamon,दालचिनी,Dalchini
spice,cardamom,अलैंची,Alainchi
spice,clove,लवंग,Lavang
spice,bay leaf,तेजपात,Tejapat
spice,fenugreek,मेथी,Methi
spice,asafoetida,हिंग,Hing
spice,saffron,केसर,Kesar
drink,wine,आयला,Ayla
drink,beer,जाँड,Jand
drink,juice,रस,Rasa
drink,soup,झोल,Jhol
drink,buttermilk,मही,Mahi
drink,lassi,लस्सी,Lassi
drink,coffee,कफी,Kafi
drink,alcohol,मद्य,Madya
drink,rice beer,छ्याँ,Chhya
newari_food,bara,बरा,Bara
newari_food,chatamari,च्वःतामरि,Chwotamari
newari_food,yomari,योमरि,Yomari
newari_food,kwati,क्वाँटी,Kwanti
newari_food,samay baji,समयबाजी,Samay baji
newari_food,choyla,च्वइला,Chwoila
newari_food,aloo tama,आलु तामा,Alu tama
newari_food,sapu mhicha,सपु म्हिचा,Sapu mhicha
newari_food,lakhamari,लाखामरि,Lakhamari
newari_food,sel roti,सेल रोटी,Sel roti
newari_food,wo,वो,Wo
newari_food,dhau,धौ,Dhau
body,blood,रगत,Ragat
body,bone,हड्डी,Haddi
body,skin,छाला,Chhala
body,brain,दिमाग,Dimag
body,lung,फोक्सो,Phokso
body,liver,कलेजो,Kalejo
body,kidney,मृगौला,Mrigaula
body,knee,घुँडा,Ghunda
body,elbow,कुहिनो,Kuhino
body,wrist,नाडी,Nadi
body,ankle,गोली,Goli
body,cheek,गाला,Gala
body,forehead,निधार,Nidhar
body,chin,चिउँडो,Chiundo
body,lip,ओठ,Oth
body,eyelash,परेला,Parela
body,eyebrow,भौं,Bhau
body,nail,नङ,Nanga
body,thumb,बुढी औंला,Budhi aunla
body,palm,हत्केला,Hatkela
body,sole,तलुवा,Taluwa
body,spine,मेरुदण्ड,Merudanda
body,chest,छाती,Chhati
body,armpit,काखी,Kakhi
health,fever,ज्वरो,Jwaro
health,cough,खोकी,Khoki
health,cold,रुघा,Rugha
health,headache,टाउको दुखाइ,Tauko dukhai
health,stomachache,पेट दुखाइ,Pet dukhai
health,wound,घाउ,Ghau
health,medicine,औषधि,Ausadhi
health,hospital,अस्पताल,Aspatal
health,surgery,शल्यक्रिया,Shalyakriya
health,injection,सुई,Sui
health,bandage,पट्टी,Patti
health,allergy,एलर्जी,Alarji
health,diabetes,मधुमेह,Madhumeh
health,blood pressure,रक्तचाप,Raktachap
health,pregnancy,गर्भावस्था,Garbhabastha
house,roof,छत,Chhata
house,wall,भित्ता,Bhitta
house,floor,भुइँ,Bhui
house,ceiling,छत भित्र,Chhata bhitra
house,staircase,भर्‍याङ,Bharyang
house,courtyard,आँगन,Angan
house,kitchen,भान्साकोठा,Bhansakotha
house,bedroom,सुत्ने कोठा,Sutne kotha
house,bathroom,बाथरूम,Bathrum
house,toilet,शौचालय,Shauchalay
house,garden,बगैंचा,Bagaincha
house,gate,ढोका,Dhoka
house,balcony,बरन्डा,Baranda
house,pillar,खम्बा,Khamba
house,brick,इँटा,Inta
house,wood,काठ,Kath
house,paint,रङ,Rang
house,lock,ताल्चा,Talcha
house,chimney,धुँवा निकाल्ने,Dhuwa nikalane
furniture,sofa,सोफा,Sopha
furniture,shelf,दराज,Daraj
furniture,wardrobe,अलमारी,Almari
furniture,curtain,पर्दा,Parda
furniture,carpet,गलैंचा,Galaincha
furniture,pillow,सिरानी,Sirani
furniture,blanket,सिरक,Sirak
furniture,broom,कुचो,Kucho
furniture,bucket,बाल्टिन,Baltin
furniture,pot,भाँडो,Bhando
furniture,pan,तावा,Tawa
furniture,pressure cooker,प्रेसर कुकर,Prasar kukar
furniture,stove,चुलो,Chulo
furniture,refrigerator,फ्रिज,Phriz
furniture,fan,पंखा,Pankha
furniture,television,टेलिभिजन,Telibhizan
furniture,radio,रेडियो,Rediyo
furniture,washing machine,धुने मेसिन,Dhune mesin
education,pencil,पेन्सिल,Pensil
education,eraser,रबर,Rabar
education,ruler,स्केल,Skela
education,notebook,कापी,Kapi
education,dictionary,शब्दकोश,Shabdakosh
education,blackboard,कालोपाटी,Kalopati
education,chalk,खरी,Khari
education,exam,परीक्षा,Pariksha
education,lesson,पाठ,Path
education,homework,गृहकार्य,Grihakary
education,library,पुस्तकालय,Pustakalay
education,classroom,कक्षाकोठा,Kakshakotha
education,principal,प्रधानाध्यापक,Pradhanadhy
education,subject,विषय,Vishay
education,mathematics,गणित,Ganit
education,science,विज्ञान,Bigyan
education,history,इतिहास,Itihas
education,geography,भूगोल,Bhugol
education,language,भाषा,Bhasa
education,art,कला,Kala
education,music,संगीत,Sangit
education,sports,खेलकूद,Khelkud
education,certificate,प्रमाणपत्र,Pramanpatra
education,degree,उपाधि,Upadhi
transport,bus,बस,Basa
transport,truck,ट्रक,Traka
transport,motorcycle,मोटरसाइकल,Motarsakal
transport,airplane,जहाज,Jahaj
transport,boat,डुंगा,Dunga
transport,train,रेलगाडी,Relgadi
transport,rickshaw,रिक्सा,Riksha
transport,taxi,ट्याक्सी,Tyaksi
transport,road,बाटो,Bato
transport,bridge,पुल,Pul
transport,station,स्टेशन,Steshan
transport,airport,विमानस्थल,Bimanasthal
transport,ticket,टिकट,Tikta
transport,fuel,इन्धन,Indhan
transport,wheel,पाङ्ग्रा,Pangra
transport,engine,इन्जिन,Injin
transport,driver,चालक,Chalak
transport,passenger,यात्री,Yatri
technology,internet,इन्टरनेट,Intarnet
technology,website,वेबसाइट,Websait
technology,application,अनुप्रयोग,Anuprayog
technology,password,पासवर्ड,Paswarda
technology,keyboard,किबोर्ड,Kiborda
technology,mouse,माउस,Maus
technology,screen,स्क्रिन,Skrina
technology,camera,क्यामेरा,Kyamera
technology,battery,ब्याट्री,Byatri
technology,charger,चार्जर,Charjar
technology,cable,केबल,Kebal
technology,satellite,उपग्रह,Upagrah
technology,printer,प्रिन्टर,Printar
technology,scanner,स्क्यानर,Skyanar
technology,speaker,स्पिकर,Spikar
technology,headphone,हेडफोन,Hedaphon
technology,wifi,वाइफाइ,Waphai
technology,bluetooth,ब्लुटुथ,Blututh
technology,data,डेटा,Deta
technology,software,सफ्टवेयर,Saphtaweyar
nature,valley,उपत्यका,Upatyaka
nature,hill,पहाड,Pahad
nature,cave,गुफा,Gupha
nature,waterfall,झरना,Jharna
nature,jungle,जंगल,Jangal
nature,sand,बालुवा,Baluwa
nature,mud,हिलो,Hilo
nature,rock,ढुंगा,Dhunga
nature,soil,माटो,Mato
nature,grass,घाँस,Ghans
nature,root,जरा,Jara
nature,branch,हाँगा,Hanga
nature,seed,बीउ,Biu
nature,fruit,फल,Phala
nature,shadow,छाया,Chhaya
nature,rainbow,इन्द्रेणी,Indreni
nature,storm,आँधी,Andhi
nature,earthquake,भूकम्प,Bhukampa
nature,flood,बाढी,Badhi
nature,drought,खडेरी,Khaderi
nature,sunrise,सूर्योदय,Suryoday
nature,sunset,सूर्यास्त,Suryast
nature,horizon,क्षितिज,Kshitij
nature,wave,लहर,Lahar
nature,ice,बरफ,Baraph
nature,fog,कुहिरो,Kuhiro
nature,dew,शीत,Shit
nature,dust,धूलो,Dhulo
nature,smoke,धुँवा,Dhuwa
nature,ash,खरानी,Kharani
weather,hot,गर्मी,Garmi
weather,cold,जाडो,Jado
weather,rainy season,वर्षा ऋतु,Barsha ritu
weather,winter,हिउँद,Hiud
weather,spring,वसन्त,Basanta
weather,summer,गर्मी मौसम,Garmi mausam
weather,autumn,शरद,Sharad
weather,lightning,बिजुली,Bijuli
weather,thunder,गर्जन,Garjan
weather,hail,असिना,Asina
weather,humidity,आर्द्रता,Ardrata
weather,temperature,तापक्रम,Tapkram
geography,Terai,तराई,Tarai
geography,Himalayas,हिमालय,Himalay
geography,Kathmandu Valley,काठमाडौं उपत्यका,Kathmandu Upatyaka
geography,Pokhara,पोखरा,Pokhara
geography,Lumbini,लुम्बिनी,Lumbini
geography,Chitwan,चितवन,Chitawan
geography,Mustang,मुस्ताङ,Mustang
geography,Everest,सगरमाथा,Sagarmatha
geography,Annapurna,अन्नपूर्णा,Annapurna
geography,Bagmati,बागमती,Bagmati
geography,Pashupatinath,पशुपतिनाथ,Pashupatinat
geography,Boudhanath,बौद्धनाथ,Baudhanat
geography,Swayambhunath,स्वयम्भूनाथ,Swayambhunat
geography,Patan,पाटन,Patan
geography,district,जिल्ला,Jilla
geography,province,प्रदेश,Pradesh
geography,municipality,नगरपालिका,Nagarpalika
religion,god,देव,Deva
religion,goddess,देवी,Devi
religion,prayer,पूजा,Puja
religion,temple,देगः,Degah
religion,monastery,विहार,Bihar
religion,monk,भिक्षु,Bhikshu
religion,festival,जात्रा,Jatra
religion,offering,प्रसाद,Prasad
religion,incense,धूप,Dhup
religion,bell,घन्टी,Ghanti
religion,lamp,दियो,Diyo
religion,holy water,तीर्थ जल,Tirtha jal
religion,mantra,मन्त्र,Mantra
religion,idol,मूर्ति,Murti
religion,pilgrimage,तीर्थयात्रा,Tirthayatra
religion,blessing,आशीर्वाद,Ashirbad
religion,sin,पाप,Pap
religion,virtue,पुण्य,Punya
religion,karma,कर्म,Karma
religion,dharma,धर्म,Dharma
religion,Buddha,बुद्ध,Buddha
religion,Shiva,शिव,Shiva
religion,Vishnu,विष्णु,Vishnu
religion,Kumari,कुमारी,Kumari
religion,Indra,इन्द्र,Indra
festival,Indra Jatra,इन्द्र जात्रा,Indra Jatra
festival,Bisket Jatra,बिस्केट जात्रा,Bisket Jatra
festival,Rato Machindranath,रातो मच्छिन्द्रनाथ,Rato Machhindranath
festival,Gai Jatra,गाई जात्रा,Gai Jatra
festival,Dashain,दशैं,Dashain
festival,Tihar,तिहार,Tihar
festival,Yomari Punhi,योमरि पुन्हि,Yomari Punhi
festival,Sithi Nakha,सिथि नखः,Sithi Nakha
festival,Mohani,मोहनी,Mohani
festival,Mataya,मटया,Mataya
festival,Nhu Dan,न्हुदँ,Nhu Dan
festival,Chhath,छठ,Chhath
art,mask,लखे मुखुटो,Lakhe mukhuto
art,painting,चित्रकला,Chitrakal
art,sculpture,मूर्तिकला,Murtikal
art,woodcarving,काठ नक्काशी,Kath nakkashi
art,metalwork,धातुकला,Dhatukal
art,thangka,थाङ्का,Thangka
art,pottery,माटोकाम,Matokaon
art,weaving,बुनाइ,Bunai
art,dance,नृत्य,Nritya
art,music,संगीत,Sangit
art,poem,कविता,Kabita
art,story,कथा,Katha
art,song,गीत,Git
art,drama,नाटक,Natak
art,photograph,फोटो,Phot
emotion,love,माया,Maya
emotion,hate,घृणा,Ghrina
emotion,fear,डर,Dar
emotion,anger,रिस,Ris
emotion,joy,खुशी,Khushi
emotion,sadness,दुःख,Dukkha
emotion,surprise,अचम्म,Achamma
emotion,disgust,वाक्क,Wakk
emotion,shame,लाज,Laj
emotion,pride,गर्व,Garba
emotion,jealousy,इर्ष्या,Irshya
emotion,loneliness,एकाकीपन,Ekakipana
emotion,hope,आशा,Asha
emotion,worry,चिन्ता,Chinta
emotion,excitement,उत्साह,Utsah
emotion,boredom,बोरियत,Boriyat
emotion,confusion,भ्रम,Bhrama
emotion,courage,साहस,Sahas
emotion,patience,धैर्य,Dhairya
emotion,kindness,दयालुता,Dayaluta
emotion,gratitude,कृतज्ञता,Kritagyata
emotion,trust,विश्वास,Bishwas
emotion,doubt,शंका,Shanka
abstract,time,समय,Samay
abstract,space,आकाश,Akash
abstract,truth,सत्य,Satya
abstract,lie,झूठ,Jhuth
abstract,justice,न्याय,Nyay
abstract,freedom,स्वतन्त्रता,Swatantrata
abstract,peace,शान्ति,Shanti
abstract,war,युद्ध,Yuddha
abstract,power,शक्ति,Shakti
abstract,knowledge,ज्ञान,Gyan
abstract,wisdom,विवेक,Bibek
abstract,beauty,सौन्दर्य,Saundary
abstract,life,जीवन,Jiban
abstract,death,मृत्यु,Mrityu
abstract,birth,जन्म,Janma
abstract,dream,सपना,Sapana
abstract,idea,विचार,Bichar
abstract,memory,स्मृति,Smriti
abstract,future,भविष्य,Bhabishya
abstract,past,भूतकाल,Bhutak
abstract,culture,संस्कृति,Sanskriti
abstract,tradition,परम्परा,Parampara
abstract,identity,पहिचान,Pahichan
abstract,language,भाषा,Bhasa
abstract,heritage,सम्पदा,Sampada
verb,breathe,सास फेर्नु,Sas phernu
verb,swim,पौडिनु,Paudinu
verb,climb,चढ्नु,Chadhnu
verb,fall,खस्नु,Khasnu
verb,jump,उफ्रनु,Uphranu
verb,push,धकेल्नु,Dhakhelnu
verb,pull,तान्नु,Tannu
verb,carry,बोक्नु,Boknu
verb,throw,फ्याँक्नु,Phyanknu
verb,catch,समात्नु,Samatnu
verb,hit,हान्नु,Hannu
verb,cut,काट्नु,Katnu
verb,sew,सिउनु,Siunn
verb,paint,रङ्ग्नु,Rangnu
verb,draw,चित्र बनाउनु,Chitra bananu
verb,plant,रोप्नु,Ropnu
verb,harvest,काट्नु,Katnu
verb,mix,मिसाउनु,Misaunu
verb,pour,खन्याउनु,Khanyaunu
verb,boil,उमाल्नु,Umalnu
verb,fry,भुट्नु,Bhutnu
verb,grind,पिस्नु,Pisnu
verb,blow,फुक्नु,Phuknu
verb,burn,जलाउनु,Jalaunu
verb,melt,पग्लनु,Paglanu
verb,freeze,जम्नु,Jamnu
verb,shake,हल्लाउनु,Hallaunu
verb,bend,झुकाउनु,Jhukaunu
verb,stretch,तन्काउनु,Tankaunu
verb,tie,बाँध्नु,Bandhnu
verb,untie,फुकाउनु,Phukaunu
verb,hang,झुण्ड्याउनु,Jhundyaunu
verb,dig,खन्नु,Khannu
verb,fill,भर्नु,Bharnu
verb,empty,खाली गर्नु,Khali garnu
verb,count,गन्नु,Gannu
verb,measure,नाप्नु,Napnu
verb,weigh,तौल्नु,Taulnu
verb,compare,तुलना गर्नु,Tulana garnu
verb,choose,छान्नु,Chhanu
verb,share,बाँड्नु,Bandnu
verb,borrow,सापटी लिनु,Sapati linu
verb,lend,सापटी दिनु,Sapati dinu
verb,save,बचाउनु,Bachaunu
verb,waste,फोहोर गर्नु,Phohor garnu
verb,celebrate,मनाउनु,Manaunu
verb,pray,पूजा गर्नु,Puja garnu
verb,sing,गाउनु,Gaunu
verb,dance,नाच्नु,Nachnu
verb,dream,सपना देख्नु,Sapana dekhnu
verb,smile,मुस्कुराउनु,Muskuraunu
verb,hug,अँगाल्नु,Angalnu
verb,kiss,चुम्बन गर्नु,Chumban garnu
verb,greet,अभिवादन गर्नु,Abhivadan garnu
verb,invite,निमन्त्रण दिनु,Nimantran dinu
verb,refuse,अस्वीकार गर्नु,Aswikar garnu
verb,promise,वाचा गर्नु,Wacha garnu
verb,lie,झूठ बोल्नु,Jhuth bolnu
verb,confess,स्वीकार गर्नु,Swikar garnu
verb,argue,बहस गर्नु,Bahas garnu
verb,agree,सहमत हुनु,Sahamat hunu
verb,disagree,असहमत हुनु,Asahamat hunu
verb,explain,व्याख्या गर्नु,Byakhya garnu
verb,describe,वर्णन गर्नु,Barnan garnu
verb,ask,सोध्नु,Sodhnu
verb,answer,जवाफ दिनु,Jawaf dinu
verb,translate,अनुवाद गर्नु,Anubad garnu
verb,pronounce,उच्चारण गर्नु,Ucharan garnu
adjective,young,जवान,Jaban
adjective,old (age),बुढो,Budho
adjective,smart,चतुर,Chatur
adjective,foolish,मूर्ख,Murkha
adjective,brave,साहसी,Sahasi
adjective,cowardly,कायर,Kayar
adjective,honest,इमानदार,Imandar
adjective,dishonest,बेइमान,Beiman
adjective,generous,उदार,Udar
adjective,greedy,लोभी,Lobhi
adjective,lazy,आलसी,Alasi
adjective,hardworking,मिहिनेती,Mihineti
adjective,cruel,क्रूर,Krur
adjective,gentle,कोमल,Komal
adjective,polite,विनम्र,Binamra
adjective,rude,असभ्य,Asabhya
adjective,clever,होशियार,Hoshiyar
adjective,stupid,बुद्धु,Buddhu
adjective,funny,हाँसिलो,Hansilo
adjective,serious,गम्भीर,Gambhir
adjective,strange,अजीब,Ajib
adjective,familiar,चिनेको,Chineko
adjective,important,महत्त्वपूर्ण,Mahattwapurna
adjective,useless,बेकार,Bekar
adjective,possible,सम्भव,Sambhab
adjective,impossible,असम्भव,Asambhab
adjective,necessary,आवश्यक,Abashyak
adjective,optional,ऐच्छिक,Aaichik
adjective,complete,पूर्ण,Purna
adjective,incomplete,अपूर्ण,Apurna
adjective,visible,देखिने,Dekhine
adjective,hidden,लुकेको,Lukeko
adjective,awake,ब्युँझेको,Byunjheko
adjective,asleep,सुतेको,Suteko
adjective,alive,जीवित,Jivit
adjective,dead,मृत,Mruta
adjective,open,खुला,Khula
adjective,closed,बन्द,Band
adjective,full,भरिएको,Bhariyeko
adjective,empty,खाली,Khali
adjective,sharp,तीखो,Tikho
adjective,blunt,भोँटो,Bhonto
adjective,smooth,चिल्लो,Chillo
adjective,rough,खस्रो,Kharo
adjective,wet,भिजेको,Bhijeko
adjective,dry,सुखेको,Sukheko
adjective,narrow,साँघुरो,Sanghuro
adjective,wide,चौडा,Chauda
adjective,deep,गहिरो,Gahiro
adjective,shallow,उथलो,Uthalo
adverb,quickly,छिटो,Chhito
adverb,slowly,बिस्तारै,Bistari
adverb,carefully,ध्यानले,Dhyanle
adverb,loudly,ठूलो आवाजमा,Thulo abajama
adverb,quietly,बिस्तारै,Bistari
adverb,well,राम्रोसँग,Ramrosung
adverb,badly,नराम्रोसँग,Naramrosung
adverb,together,सँगै,Sungai
adverb,alone,एक्लै,Eklai
adverb,almost,लगभग,Lagabhag
adverb,exactly,ठीक,Thik
adverb,perhaps,सायद,Sayad
adverb,certainly,निश्चित,Nishchit
adverb,especially,विशेषगरी,Bisheshagari
adverb,only,मात्र,Matra
adverb,also,पनि,Pani
adverb,even,समेत,Samet
adverb,still,अझै,Ajhai
adverb,already,पहिले नै,Pahile nai
adverb,soon,चाँडै,Chandai
adverb,recently,हालसालै,Halsalai
adverb,suddenly,अचानक,Achanak
adverb,gradually,बिस्तारै,Bistari
adverb,often,प्रायः,Prayah
adverb,rarely,बिरलै,Biralai
adverb,again,फेरि,Pheri
adverb,once,एकपटक,Ekapatak
adverb,twice,दुईपटक,Duipatak
postposition,in,मा,Ma
postposition,on,माथि,Mathi
postposition,under,तल,Tal
postposition,above,माथि,Mathi
postposition,below,तल,Tal
postposition,beside,छेउमा,Chheuma
postposition,between,बिचमा,Bichama
postposition,behind,पछाडि,Pachhadi
postposition,in front of,अगाडि,Agadi
postposition,inside,भित्र,Bhitra
postposition,outside,बाहिर,Bahir
postposition,around,वरिपरि,Baripari
postposition,through,बाट,Bata
postposition,near,नजिक,Najik
postposition,far,टाढा,Tadha
postposition,without,बिना,Bina
postposition,with,सँग,Sung
postposition,for,को लागि,Ko lagi
postposition,against,विरुद्ध,Biruddha
postposition,until,सम्म,Samma
conjunction,and,र,Ra
conjunction,but,तर,Tara
conjunction,or,वा,Wa
conjunction,because,किनभने,Kinbhane
conjunction,so,त्यसैले,Tyasaile
conjunction,although,यद्यपि,Yadyapi
conjunction,if,यदि,Yadi
conjunction,unless,नभए,Nabhae
conjunction,while,जब,Jaba
conjunction,after,पछि,Pachhi
conjunction,before,अघि,Aghi
conjunction,until,सम्म,Samma
conjunction,since,देखि,Dekhi
conjunction,both,दुवै,Duvai
conjunction,neither,न ... न,Na...na
conjunction,either,कुनै एउटा,Kunai euta
society,government,सरकार,Sarkar
society,democracy,लोकतन्त्र,Loktantra
society,election,निर्वाचन,Nirbachan
society,vote,मत,Mata
society,parliament,संसद,Sansad
society,law,कानुन,Kanun
society,rights,अधिकार,Adhikar
society,community,समुदाय,Samuday
society,citizen,नागरिक,Nagarik
society,population,जनसंख्या,Janasankhya
society,education,शिक्षा,Shiksha
society,poverty,गरिबी,Garibi
society,equality,समानता,Samanata
society,justice,न्याय,Nyay
society,peace,शान्ति,Shanti
society,cooperation,सहयोग,Sahayog
society,development,विकास,Bikas
society,tradition,परम्परा,Parampara
number,eleven,थ्व ति,Thwa ti
number,twelve,थ्व नि,Thwa ni
number,twenty,नि थ्व,Ni thwa
number,thirty,सो थ्व,So thwa
number,forty,पि थ्व,Pi thwa
number,fifty,न्या थ्व,Nya thwa
number,sixty,खु थ्व,Khu thwa
number,seventy,न्हि थ्व,Nhi thwa
number,eighty,च्या थ्व,Chya thwa
number,ninety,गु थ्व,Gu thwa
number,first,तिगु,Tigu
number,second,निगु,Nigu
number,third,सोगु,Sogu
number,fourth,पिगु,Pigu
number,fifth,न्यागु,Nyagu
number,half,आधा,Adha
number,quarter,पाउ,Pau
number,double,दोब्बर,Dobbar
days,Sunday,आइतबार,Aitabar
days,Monday,सोमबार,Somabar
days,Tuesday,मंगलबार,Mangalbar
days,Wednesday,बुधबार,Budhabar
days,Thursday,बिहीबार,BihiBar
days,Friday,शुक्रबार,Shukrabar
days,Saturday,शनिबार,Shanibar
month,Baishakh,बैशाख,Baisakh
month,Jestha,जेठ,Jestha
month,Ashadh,असार,Asar
month,Shrawan,साउन,Saun
month,Bhadra,भदौ,Bhadau
month,Ashwin,असोज,Asoj
month,Kartik,कार्तिक,Kartik
month,Mangsir,मंसिर,Mansir
month,Poush,पुस,Pus
month,Magh,माघ,Magh
month,Falgun,फाल्गुन,Phalgun
month,Chaitra,चैत,Chait
direction,north,उत्तर,Uttar
direction,south,दक्षिण,Dakshin
direction,east,पूर्व,Purba
direction,west,पश्चिम,Pashchim
direction,northeast,उत्तरपूर्व,Uttarpurba
direction,northwest,उत्तरपश्चिम,Uttarpashchim
direction,left,बायाँ,Bayan
direction,right,दायाँ,Dayan
direction,straight,सीधा,Sidha
direction,up,माथि,Mathi
direction,down,तल,Tal
direction,forward,अगाडि,Agadi
direction,backward,पछाडि,Pachhadi
newari_culture,Newah,नेवाः,Newah
newari_culture,Guthi,गुथि,Guthi
newari_culture,Bahal,बहाल,Bahal
newari_culture,Nepal Bhasa,नेपाल भाषा,Nepal Bhasa
newari_culture,Ranjana script,रञ्जना लिपि,Ranjana lipi
newari_culture,Prachalit script,प्रचलित लिपि,Prachalit lipi
newari_culture,Charya dance,चर्या नृत्य,Charya nritya
newari_culture,Lakhe,लाखे,Lakhe
newari_culture,Kumari,कुमारी,Kumari
newari_culture,Devi,देवी,Devi
newari_culture,Agam,आगम,Agam
newari_culture,tole,टोल,Tol
newari_culture,sattal,सत्तल,Sattal
newari_culture,hiti,हिटी,Hiti
newari_culture,dhunge dhara,ढुंगे धारा,Dhunge dhara
newari_culture,pati,पाटी,Pati
newari_culture,sukunda,सुकुन्दा,Sukunda
newari_culture,sinhamu,सिंहमु,Sinhamu
tool,hammer,हथौडा,Hathoda
tool,axe,बञ्चरो,Bancharo
tool,saw,करौती,Karauti
tool,knife,चक्कु,Chakku
tool,scissors,कैंची,Kainchi
tool,needle,सिउरो,Siuro
tool,thread,धागो,Dhago
tool,rope,डोरी,Dori
tool,shovel,बेल्चा,Belcha
tool,ladder,भर्‍याङ,Bharyang
tool,scale,तराजु,Taraju
tool,container,भाँडो,Bhando
sport,football,फुटबल,Phutabal
sport,cricket,क्रिकेट,Kriket
sport,volleyball,भलिबल,Bhalibal
sport,basketball,बास्केटबल,Baskekabal
sport,swimming,पौडाई,Paudai
sport,running,दौड,Daud
sport,wrestling,कुस्ती,Kusti
sport,archery,तीरन्दाजी,Tirandaji
sport,chess,बुद्धिचाल,Buddhichal
sport,carrom,क्यारम,Kyaram
sport,kite,चंगा,Changa
sport,marbles,गुलिचट,Gulichat
music,drum,ढोल,Dhol
music,flute,बाँसुरी,Bansuri
music,sitar,सितार,Sitar
music,harmonium,हार्मोनियम,Harmonium
music,tabla,तबला,Tabla
music,dhimay,धिमाय,Dhimay
music,naumati baja,नौमती बाजा,Naumati baja
music,madal,मादल,Madal
music,sarangi,सारङ्गी,Sarangi
music,melody,धुन,Dhun
music,rhythm,ताल,Tal
music,note,स्वर,Swara
